{"accuracy": [0.6198734045028687, 0.8685681819915771, 0.9177039861679077, 0.9428835511207581, 0.9571093320846558, 0.9660857915878296, 0.9729852676391602, 0.977395236492157, 0.9790881276130676, 0.9818336963653564], "loss": [1.297153353691101, 0.4162830412387848, 0.2536502480506897, 0.17552925646305084, 0.1299319565296173, 0.10480818152427673, 0.08091045916080475, 0.06926452368497849, 0.06753712147474289, 0.056372180581092834], "val_accuracy": [0.8474846482276917, 0.9294331669807434, 0.9255064725875854, 0.9409287571907043, 0.9535055756568909, 0.9536194205284119, 0.9527088403701782, 0.9664807915687561, 0.9607329964637756, 0.9676189422607422], "val_loss": [0.48271942138671875, 0.22823286056518555, 0.23239757120609283, 0.18761372566223145, 0.14749585092067719, 0.15402264893054962, 0.16009530425071716, 0.11054757237434387, 0.1333521157503128, 0.10530880093574524]}